{"score": 0.39698467704271645, "duration": 744.4278869628906}