{"score": 0.4461805555555555, "duration": 1439.841430902481}